{
  "Default (Github)": "github.css",
  "Arta": "arta.css",
  "Ascetic": "ascetic.css",
  "Atelier Dune Dark": "atelier-dune.dark.css",
  "Atelier Dune Light": "atelier-dune.light.css",
  "Atelier Forest Dark": "atelier-forest.dark.css",
  "Atelier Forest Light": "atelier-forest.light.css",
  "Atelier Heath Dark": "atelier-heath.dark.css",
  "Atelier Heath Light": "atelier-heath.light.css",
  "Atelier Lakeside Dark": "atelier-lakeside.dark.css",
  "Atelier Lakeside Light": "atelier-lakeside.light.css",
  "Atelier Seaside Dark": "atelier-seaside.dark.css",
  "Atelier Seaside Light": "atelier-seaside.light.css",
  "Brown Paper": "brown_paper.css",
  "Codepen.io Embed": "codepen-embed.css",
  "Colorbrewer": "color-brewer.css",
  "Dark": "dark.css",
  "Highlight.js Default": "default.css",
  "Docco": "docco.css",
  "Far": "far.css",
  "Foundation": "foundation.css",
  "Googlecode": "googlecode.css",
  "Hybrid": "hybrid.css",
  "Idea": "idea.css",
  "IR Black": "ir_black.css",
  "Kimbie Dark": "kimbie.dark.css",
  "Kimbie Light": "kimbie.light.css",
  "Magula": "magula.css",
  "Mono Blue": "mono-blue.css",
  "Monokai": "monokai.css",
  "Monokai Sublime": "monokai_sublime.css",
  "Obsidian": "obsidian.css",
  "Paraíso Dark": "paraiso.dark.css",
  "Paraíso Light": "paraiso.light.css",
  "Pojoaque": "pojoaque.css",
  "Railscasts": "railscasts.css",
  "Rainbow": "rainbow.css",
  "School Book": "school_book.css",
  "Solarized Dark": "solarized_dark.css",
  "Solarized Light": "solarized_light.css",
  "Sunburst": "sunburst.css",
  "Tomorrow": "tomorrow.css",
  "Tomorrow Night": "tomorrow-night.css",
  "Tomorrow Night Blue": "tomorrow-night-blue.css",
  "Tomorrow Night Bright": "tomorrow-night-bright.css",
  "Tomorrow Night Eighties": "tomorrow-night-eighties.css",
  "VS": "vs.css",
  "Xcode": "xcode.css",
  "Zenburn": "zenburn.css"
}
